#6D3FA9,
#6E3FAA,
#6F3FAA,
#703FAA,
#703FAB,
#713FAB,
#723FAB,
#733FAC,
#743FAC,
#753FAC,
#753FAC,
#763FAD,
#773FAD,
#783FAD,
#793EAD,
#7A3EAE,
#7A3EAE,
#7B3EAE,
#7C3EAE,
#7D3EAF,
#7E3EAF,
#7F3EAF,
#803EAF,
#803EAF,
#813EB0,
#823EB0,
#833EB0,
#843EB0,
#853EB0,
#863EB0,
#863DB1,
#873DB1,
#883DB1,
#893DB1,
#8A3DB1,
#8B3DB1,
#8C3DB1,
#8D3DB2,
#8D3DB2,
#8E3DB2,
#8F3DB2,
#903DB2,
#913DB2,
#923DB2,
#933DB2,
#933DB2,
#943DB2,
#953DB2,
#963DB2,
#973DB2,
#983CB3,
#993CB3,
#9A3CB3,
#9B3CB3,
#9B3CB3,
#9C3CB3,
#9D3CB3,
#9E3CB3,
#9F3CB3,
#A03CB3,
#A13CB3,
#A23CB3,
#A23CB3,
#A33CB2,
#A43CB2,
#A53CB2,
#A63CB2,
#A73CB2,
#A83CB2,
#A93CB2,
#A93CB2,
#AA3CB2,
#AB3CB2,
#AC3CB2,
#AD3CB2,
#AE3CB2,
#AF3CB1,
#B03CB1,
#B03CB1,
#B13CB1,
#B23CB1,
#B33CB1,
#B43CB1,
#B53CB0,
#B63CB0,
#B63CB0,
#B73CB0,
#B83CB0,
#B93CAF,
#BA3CAF,
#BB3CAF,
#BC3CAF,
#BC3CAF,
#BD3CAE,
#BE3CAE,
#BF3CAE,
#C03CAE,
#C13CAE,
#C13CAD,
#C23CAD,
#C33CAD,
#C43CAC,
#C53CAC,
#C63CAC,
#C63CAC,
#C73CAB,
#C83CAB,
#C93CAB,
#CA3DAA,
#CA3DAA,
#CB3DAA,
#CC3DA9,
#CD3DA9,
#CE3DA9,
#CE3DA8,
#CF3DA8,
#D03DA8,
#D13DA7,
#D23DA7,
#D23DA7,
#D33DA6,
#D43EA6,
#D53EA6,
#D53EA5,
#D63EA5,
#D73EA4,
#D83EA4,
#D83EA4,
#D93EA3,
#DA3EA3,
#DB3EA2,
#DB3FA2,
#DC3FA1,
#DD3FA1,
#DE3FA1,
#DE3FA0,
#DF3FA0,
#E03F9F,
#E03F9F,
#E1409E,
#E2409E,
#E2409D,
#E3409D,
#E4409C,
#E4409C,
#E5419B,
#E6419B,
#E6419A,
#E7419A,
#E84199,
#E84199,
#E94298,
#EA4298,
#EA4297,
#EB4297,
#EC4296,
#EC4396,
#ED4395,
#ED4395,
#EE4394,
#EF4394,
#EF4493,
#F04492,
#F04492,
#F14491,
#F24491,
#F24590,
#F34590,
#F3458F,
#F4458E,
#F4468E,
#F5468D,
#F5468D,
#F6468C,
#F7478B,
#F7478B,
#F8478A,
#F8478A,
#F94889,
#F94888,
#FA4888,
#FA4887,
#FB4987,
#FB4986,
#FB4985,
#FC4A85,
#FC4A84,
#FD4A83,
#FD4B83,
#FE4B82,
#FE4B82,
#FF4B81,
#FF4C80,
#FF4C80,
#FF4C7F,
#FF4D7E,
#FF4D7E,
#FF4D7D,
#FF4E7C,
#FF4E7C,
#FF4E7B,
#FF4F7A,
#FF4F7A,
#FF5079,
#FF5078,
#FF5078,
#FF5177,
#FF5176,
#FF5176,
#FF5275,
#FF5274,
#FF5274,
#FF5373,
#FF5372,
#FF5472,
#FF5471,
#FF5470,
#FF5570,
#FF556F,
#FF566E,
#FF566E,
#FF576D,
#FF576C,
#FF576C,
#FF586B,
#FF586A,
#FF596A,
#FF5969,
#FF5A68,
#FF5A68,
#FF5A67,
#FF5B66,
#FF5B66,
#FF5C65,
#FF5C64,
#FF5D64,
#FF5D63,
#FF5E62,
#FF5E62,
#FF5F61,
#FF5F61,
#FF6060,
#FF605F,
#FF615F,
#FF615E,
#FF625D,
#FF625D,
#FF635C,
#FF635B,
#FF645B,
#FF645A,
#FF6559,
#FF6559,
#FF6658,
#FF6658,
#FF6757,
#FF6756,
#FF6856,
#FF6855,
#FF6954,
#FF6954,
#FF6A53,
#FF6A53,
#FF6B52,
#FF6C51,
#FF6C51,
#FF6D50,
#FF6D50,
#FF6E4F,
#FF6E4E,
#FF6F4E,
#FF704D,
#FF704D,
#FF714C,
#FF714B,
#FF724B,
#FF724A,
#FF734A,
#FF7449,
#FF7449,
#FF7548,
#FF7548,
#FF7647,
#FF7746,
#FF7746,
#FF7845,
#FF7845,
#FF7944,
#FF7A44,
#FF7A43,
#FF7B43,
#FF7C42,
#FF7C42,
#FF7D41,
#FF7D41,
#FF7E40,
#FF7F40,
#FF7F3F,
#FF803F,
#FF813E,
#FF813E,
#FF823E,
#FF823D,
#FF833D,
#FF843C,
#FF843C,
#FF853B,
#FF863B,
#FF863B,
#FF873A,
#FF883A,
#FF8839,
#FF8939,
#FF8A39,
#FF8A38,
#FF8B38,
#FF8C37,
#FF8C37,
#FF8D37,
#FF8E36,
#FF8E36,
#FE8F36,
#FE9035,
#FE9035,
#FD9135,
#FD9234,
#FC9234,
#FC9334,
#FC9433,
#FB9433,
#FB9533,
#FA9633,
#FA9732,
#F99732,
#F99832,
#F89932,
#F89931,
#F89A31,
#F79B31,
#F79B31,
#F69C30,
#F69D30,
#F59D30,
#F59E30,
#F49F30,
#F4A030,
#F3A02F,
#F3A12F,
#F2A22F,
#F2A22F,
#F1A32F,
#F1A42F,
#F0A42F,
#F0A52E,
#EFA62E,
#EFA62E,
#EEA72E,
#EDA82E,
#EDA92E,
#ECA92E,
#ECAA2E,
#EBAB2E,
#EBAB2E,
#EAAC2E,
#EAAD2E,
#E9AD2E,
#E9AE2E,
#E8AF2E,
#E7B02E,
#E7B02E,
#E6B12E,
#E6B22E,
#E5B22E,
#E5B32E,
#E4B42E,
#E3B42E,
#E3B52E,
#E2B62E,
#E2B62E,
#E1B72E,
#E1B82E,
#E0B92E,
#DFB92E,
#DFBA2F,
#DEBB2F,
#DEBB2F,
#DDBC2F,
#DCBD2F,
#DCBD2F,
#DBBE30,
#DBBF30,
#DABF30,
#DAC030,
#D9C130,
#D8C131,
#D8C231,
#D7C331,
#D7C331,
#D6C431,
#D5C532,
#D5C532,
#D4C632,
#D4C733,
#D3C733,
#D2C833,
#D2C933,
#D1C934,
#D1CA34,
#D0CB34,
#CFCB35,
#CFCC35,
#CECD35,
#CECD36,
#CDCE36,
#CDCE36,
#CCCF37,
#CBD037,
#CBD038,
#CAD138,
#CAD238,
#C9D239,
#C8D339,
#C8D43A,
#C7D43A,
#C7D53B,
#C6D53B,
#C6D63C,
#C5D73C,
#C5D73D,
#C4D83D,
#C3D83E,
#C3D93E,
#C2DA3F,
#C2DA3F,
#C1DB40,
#C1DB40,
#C0DC41,
#C0DD41,
#BFDD42,
#BFDE42,
#BEDE43,
#BDDF44,
#BDDF44,
#BCE045,
#BCE045,
#BBE146,
#BBE247,
#BAE247,
#BAE348,
#B9E349,
#B9E449,
#B8E44A,
#B8E54B,
#B7E54B,
#B7E64C,
#B6E64D,
#B6E74D,
#B6E74E,
#B5E84F,
#B5E94F,
#B4E950,
#B4EA51,
#B3EA52,
#B3EB52,
#B2EB53,
#B2EB54,
#B2EC55,
#B1EC55,
#B1ED56,
#B0ED57,
#B0EE58,
#B0EE58,
#AFEF59,
#AFEF5A,
#AEEF5A,
#ADF05A,
#ACF059,
#ABF059,
#AAF059,
#A9F059,
#A8F058,
#A7F058,
#A6F158,
#A4F158,
#A3F158,
#A2F158,
#A1F157,
#A0F157,
#9FF157,
#9EF257,
#9DF257,
#9CF257,
#9BF257,
#9AF257,
#99F257,
#98F257,
#97F356,
#96F356,
#95F356,
#94F356,
#93F356,
#92F356,
#91F356,
#90F356,
#8FF356,
#8EF456,
#8DF456,
#8CF456,
#8BF456,
#8AF456,
#89F456,
#88F457,
#87F457,
#86F457,
#85F457,
#84F557,
#82F557,
#81F557,
#80F557,
#7FF557,
#7EF557,
#7DF558,
#7CF558,
#7BF558,
#7AF558,
#79F558,
#78F558,
#77F559,
#76F659,
#75F659,
#74F659,
#73F659,
#72F65A,
#71F65A,
#70F65A,
#70F65A,
#6FF65B,
#6EF65B,
#6DF65B,
#6CF65C,
#6BF65C,
#6AF65C,
#69F65C,
#68F65D,
#67F65D,
#66F65D,
#65F65E,
#64F65E,
#63F65E,
#62F65F,
#61F65F,
#60F65F,
#5FF660,
#5FF660,
#5EF661,
#5DF661,
#5CF661,
#5BF662,
#5AF662,
#59F663,
#58F663,
#57F663,
#56F664,
#56F664,
#55F665,
#54F665,
#53F666,
#52F566,
#51F567,
#51F567,
#50F567,
#4FF568,
#4EF568,
#4DF569,
#4CF569,
#4CF56A,
#4BF56A,
#4AF56B,
#49F46C,
#48F46C,
#48F46D,
#47F46D,
#46F46E,
#45F46E,
#45F46F,
#44F46F,
#43F470,
#42F370,
#42F371,
#41F372,
#40F372,
#3FF373,
#3FF373,
#3EF274,
#3DF274,
#3DF275,
#3CF276,
#3BF276,
#3AF277,
#3AF178,
#39F178,
#38F179,
#38F179,
#37F17A,
#36F07B,
#36F07B,
#35F07C,
#35F07D,
#34F07D,
#33EF7E,
#33EF7E,
#32EF7F,
#32EF80,
#31EE80,
#30EE81,
#30EE82,
#2FEE82,
#2FED83,
#2EED84,
#2EED84,
#2DED85,
#2DEC86,
#2CEC86,
#2CEC87,
#2BEC88,
#2BEB89,
#2AEB89,
#2AEB8A,
#29EA8B,
#29EA8B,
#28EA8C,
#28EA8D,
#27E98D,
#27E98E,
#26E98F,
#26E88F,
#25E890,
#25E891,
#25E792,
#24E792,
#24E793,
#23E694,
#23E694,
#23E695,
#22E596,
#22E596,
#22E597,
#21E498,
#21E499,
#21E399,
#20E39A,
#20E39B,
#20E29B,
#1FE29C,
#1FE29D,
#1FE19E,
#1EE19E,
#1EE09F,
#1EE0A0,
#1EE0A0,
#1DDFA1,
#1DDFA2,
#1DDEA2,
#1DDEA3,
#1CDDA4,
#1CDDA5,
#1CDDA5,
#1CDCA6,
#1CDCA7,
#1BDBA7,
#1BDBA8,
#1BDAA9,
#1BDAA9,
#1BD9AA,
#1AD9AB,
#1AD9AB,
#1AD8AC,
#1AD8AD,
#1AD7AD,
#1AD7AE,
#1AD6AF,
#1AD6AF,
#19D5B0,
#19D5B1,
#19D4B1,
#19D4B2,
#19D3B3,
#19D3B3,
#19D2B4,
#19D2B5,
#19D1B5,
#19D1B6,
#19D0B7,
#19D0B7,
#19CFB8,
#19CFB9,
#19CEB9,
#19CEBA,
#19CDBA,
#19CDBB,
#19CCBC,
#19CBBC,
#19CBBD,
#19CABE,
#19CABE,
#19C9BF,
#19C9BF,
#19C8C0,
#19C8C1,
#19C7C1,
#19C7C2,
#19C6C2,
#19C5C3,
#19C5C3,
#1AC4C4,
#1AC4C5,
#1AC3C5,
#1AC3C6,
#1AC2C6,
#1AC1C7,
#1AC1C7,
#1AC0C8,
#1BC0C8,
#1BBFC9,
#1BBFC9,
#1BBECA,
#1BBDCA,
#1BBDCB,
#1CBCCB,
#1CBCCC,
#1CBBCC,
#1CBACD,
#1CBACD,
#1DB9CE,
#1DB9CE,
#1DB8CF,
#1DB7CF,
#1DB7D0,
#1EB6D0,
#1EB5D1,
#1EB5D1,
#1EB4D2,
#1FB4D2,
#1FB3D2,
#1FB2D3,
#1FB2D3,
#20B1D4,
#20B0D4,
#20B0D4,
#20AFD5,
#21AFD5,
#21AED6,
#21ADD6,
#22ADD6,
#22ACD7,
#22ABD7,
#23ABD7,
#23AAD8,
#23AAD8,
#24A9D8,
#24A8D9,
#24A8D9,
#25A7D9,
#25A6DA,
#25A6DA,
#26A5DA,
#26A4DB,
#26A4DB,
#27A3DB,
#27A2DB,
#27A2DC,
#28A1DC,
#28A1DC,
#29A0DC,
#299FDD,
#299FDD,
#2A9EDD,
#2A9DDD,
#2A9DDE,
#2B9CDE,
#2B9BDE,
#2C9BDE,
#2C9ADE,
#2C99DE,
#2D99DF,
#2D98DF,
#2E97DF,
#2E97DF,
#2F96DF,
#2F95DF,
#2F95E0,
#3094E0,
#3093E0,
#3193E0,
#3192E0,
#3292E0,
#3291E0,
#3290E0,
#3390E0,
#338FE0,
#348EE1,
#348EE1,
#358DE1,
#358CE1,
#368CE1,
#368BE1,
#368AE1,
#378AE1,
#3789E1,
#3888E1,
#3888E1,
#3987E1,
#3987E1,
#3A86E1,
#3A85E1,
#3B85E1,
#3B84E1,
#3C83E1,
#3C83E1,
#3D82E1,
#3D81E0,
#3D81E0,
#3E80E0,
#3E7FE0,
#3F7FE0,
#3F7EE0,
#407EE0,
#407DE0,
#417CE0,
#417CE0,
#427BDF,
#427ADF,
#437ADF,
#4379DF,
#4479DF,
#4478DF,
#4577DE,
#4577DE,
#4676DE,
#4675DE,
#4675DE,
#4774DD,
#4774DD,
#4873DD,
#4872DD,
#4972DD,
#4971DC,
#4A71DC,
#4A70DC,
#4B6FDC,
#4B6FDB,
#4C6EDB,
#4C6EDB,
#4D6DDA,
#4D6CDA,
#4E6CDA,
#4E6BDA,
#4E6BD9,
#4F6AD9,
#4F69D9,
#5069D8,
#5068D8,
#5168D8,
#5167D7,
#5267D7,
#5266D7,
#5265D6,
#5365D6,
#5364D6,
#5464D5,
#5463D5,
#5563D4,
#5562D4,
#5661D4,
#5661D3,
#5660D3,
#5760D2,
#575FD2,
#585FD1,
#585ED1,
#595ED1,
#595DD0,
#595DD0,
#5A5CCF,
#5A5CCF,
#5B5BCE,
#5B5ACE,
#5B5ACD,
#5C59CD,
#5C59CC,
#5D58CC,
#5D58CB,
#5D57CB,
#5E57CA,
#5E56CA,
#5F56C9,
#5F55C9,
#5F55C8,
#6054C8,
#6054C7,
#6053C7,
#6153C6,
#6152C6,
#6152C5,
#6251C4,
#6251C4,
#6250C3,
#6350C3,
#634FC2,
#634FC2,
#644EC1,
#644EC0,
#644EC0,
#654DBF,
#654DBF,
#654CBE,
#664CBD,
#664BBD,
#664BBC,
#674ABC,
#674ABB,
#6749BA,
#6849BA,
#6849B9,
#6848B8,
#6848B8,
#6947B7,
#6947B6,
#6946B6,
#6946B5,
#6A46B4,
#6A45B4,
#6A45B3,
#6A44B2,
#6B44B2,
#6B44B1,
#6B43B0,
#6B43B0,
#6C42AF,
#6C42AE,
#6C42AE,
#6C41AD,
#6C41AC,
#6D40AC,
#6D40AB,
#6D40AA
